id,time
yrSpzGW4zgA,2021-06-20 22:01:28 UTC
cI2PIcKEldI,2021-06-20 21:58:40 UTC
5pmimqs5_CM,2021-06-20 21:54:27 UTC
fQas0UgdXLg,2021-06-20 15:54:21 UTC
dv7EPd-2tGs,2021-06-20 15:44:15 UTC
AqBpWJC-Jfc,2021-06-18 13:18:05 UTC
ZDU78eHCezw,2021-06-17 21:30:13 UTC
OexeAtxr24E,2021-06-17 21:08:50 UTC
ZD4Sb1JzfAo,2021-06-17 20:36:27 UTC
isFsIJkj5Ec,2021-06-17 20:17:00 UTC
i2Z_z18fxQ0,2021-06-17 19:44:54 UTC
LhDBofXz5H0,2021-06-16 14:24:43 UTC
DyR6qI3kcd0,2021-06-13 19:12:56 UTC
MhY7mVCIU6Q,2021-06-13 17:59:34 UTC
ysdjtyV_DuY,2021-06-13 12:14:38 UTC
iIluBvQ77Bk,2021-06-13 11:54:04 UTC
cF1zJYkBW4A,2021-06-12 17:29:53 UTC
oqeRsDWovQY,2021-06-10 22:46:27 UTC
3Q_vyKhTyqw,2021-06-08 20:32:18 UTC
1LQRxvSdrX4,2021-06-05 09:24:05 UTC
kanWeYJoLo4,2021-06-05 09:22:14 UTC
dh0pJdgY6Lc,2021-06-05 08:49:36 UTC
GZ-kXZsUa_w,2021-06-05 08:38:50 UTC
1zRkbWpJ988,2021-06-04 12:00:45 UTC
slKrnVMjGlI,2021-06-04 11:11:05 UTC
gwgq-IWtcPE,2021-06-03 22:54:44 UTC
BdLSBDY3AjQ,2021-06-03 22:17:21 UTC
jjmextVmah0,2021-06-03 16:05:21 UTC
3IiyG5-kIN8,2021-06-03 12:05:50 UTC
PXoG0WX0r_E,2021-06-02 21:17:31 UTC
 -IYfwCWZeD0,2021-06-01 14:22:06 UTC
HxaD_trXwRE,2021-05-29 13:18:08 UTC
PUdyuKaGQd4,2021-05-26 19:46:50 UTC
tBOsCZvJXew,2021-05-25 07:08:45 UTC
yRf6Al4XDMY,2021-05-25 06:47:03 UTC
Bag1gUxuU0g,2021-05-24 18:07:21 UTC
twY7vW7cYd0,2021-05-23 21:56:22 UTC
gKHOiTE_2sM,2021-05-22 20:42:53 UTC
59k2jjiQQBQ,2021-05-22 10:56:48 UTC
1J-VpZeKcOc,2021-05-21 20:25:52 UTC
rdKUev95afc,2021-05-21 00:04:01 UTC
OTm67027slI,2021-05-20 17:06:22 UTC
CYJ-Sf-_qqI,2021-05-20 16:51:18 UTC
ls0YBGnwBZw,2021-05-19 10:18:18 UTC
1Xxo2Ad_9cY,2021-05-18 22:36:18 UTC
TXCjEKpwtRc,2021-05-18 22:23:00 UTC
ICvmi3qZDTk,2021-05-17 20:46:40 UTC
y3utep6axBw,2021-05-17 20:36:17 UTC
yXR2032aGIM,2021-05-16 23:16:11 UTC
32QLuWFfDJY,2021-05-16 23:11:13 UTC
hrAVteaCjUA,2021-05-16 23:06:39 UTC
_5yntpaFJNY,2021-05-06 22:05:31 UTC
pZ1E47M88p8,2021-03-18 21:58:25 UTC
b7WcQgcuH6c,2021-03-18 21:44:18 UTC
YtZZ-hxz9TI,2021-03-18 12:19:42 UTC
lBnCmP40ucw,2021-03-16 18:43:36 UTC
HaBZqq-G0HQ,2021-03-12 20:19:24 UTC
BW32yUEymvU,2021-03-07 13:12:50 UTC
mOb4HEM8Xg4,2021-03-04 19:47:39 UTC
HQYsFshbkYw,2021-03-04 17:10:01 UTC
QYiGhpa14Yg,2021-03-01 12:16:03 UTC
uNjxe8ShM-8,2021-03-01 07:18:13 UTC
WgmTmYMxPsE,2021-02-27 08:36:47 UTC
V8ciOyl_jxI,2021-02-27 08:36:32 UTC
R4sTvHXkToQ,2021-02-24 20:32:36 UTC
eUwKYipHycU,2021-02-22 16:58:02 UTC
f_4rJhIjeK8,2021-02-22 09:43:56 UTC
5571Dmc5FiI,2021-02-22 08:52:59 UTC
vAKZ9jHiOnk,2021-02-21 19:49:38 UTC
ADrk2o3tXX4,2021-02-21 19:47:43 UTC
4NB3i6Bxa58,2021-02-21 19:42:01 UTC
BJP9o4BEziI,2021-02-21 12:16:11 UTC
u4SEDzynMiQ,2021-02-21 08:43:18 UTC
eRUqJSCOyZ4,2021-02-20 23:05:45 UTC
47q_yLxsfOU,2021-02-19 20:16:06 UTC
sl9pTDK8PAk,2021-02-19 09:42:21 UTC
qDfAWuZP5go,2021-02-18 20:41:31 UTC
ECnQ_gi5bFc,2021-02-18 20:34:25 UTC
3hAdmVStrIg,2021-02-16 19:58:15 UTC
IkWxMG-JDk4,2021-02-16 19:53:58 UTC
K05662ZD2rI,2021-02-16 19:48:41 UTC
p8oh2X3fBTs,2021-02-16 19:47:23 UTC
AFTgqXA8nss,2021-02-16 19:46:12 UTC
N0Uuzp0wJ_g,2021-02-16 17:28:19 UTC
 -n2nlPHEMG8,2021-02-16 12:28:56 UTC
1cbQVfVfSrI,2021-02-14 14:05:16 UTC
OdPrG4kKYck,2021-02-14 14:02:16 UTC
R21xaP4RD9k,2021-02-13 08:12:20 UTC
v009IId8Vsw,2021-02-12 21:07:48 UTC
47Jst07mNSU,2021-02-12 21:02:11 UTC
NmtdzQyqpnM,2021-02-12 21:00:12 UTC
MCbTWaoCsRk,2021-02-12 20:31:05 UTC
JGf8ErR7dWg,2021-02-12 17:36:08 UTC
5GIBRelGHpc,2021-02-12 12:48:08 UTC
paHuy5IidzY,2021-02-11 21:31:40 UTC
sxYA3FEN2-g,2021-02-11 11:31:43 UTC
lJvvagxYoZ4,2021-02-11 11:21:16 UTC
rmPxjUzTWGI,2021-02-11 11:17:12 UTC
Wl959QnD3lM,2021-02-09 12:54:23 UTC
mxUwMjV1ONM,2021-02-09 10:26:42 UTC
O8bf9gul1yQ,2021-02-08 23:03:50 UTC
O_RpZl30Zp8,2021-02-07 18:18:13 UTC
ApZ4_KSDMvQ,2021-02-06 15:49:31 UTC
8qeX1wNiEPk,2021-02-06 09:41:50 UTC
KgqJJECQQH0,2021-02-04 13:36:45 UTC
VGaTBZ51YDM,2021-02-03 19:58:21 UTC
hxSXv9xZZcM,2021-02-03 19:42:30 UTC
9bgFpss0YFE,2021-02-03 18:44:23 UTC
Jwno_6dog8s,2021-02-02 18:44:04 UTC
VmMxz4cMKuc,2021-01-31 22:12:47 UTC
UCsXO7r6-z4,2021-01-31 22:07:48 UTC
yJqsPBWbtjk,2021-01-31 21:47:21 UTC
v7viVkZrbd4,2021-01-31 21:42:07 UTC
-7EXHceBe9U,2021-01-31 12:59:40 UTC
3zTR4ayDG38,2021-01-31 12:54:44 UTC
MsCqLQJ1EOc,2021-01-31 11:03:25 UTC
yIxEEgEuhT4,2021-01-31 11:01:41 UTC
1sNMHdaJx5c,2021-01-31 01:16:26 UTC
arkh3I3cu2Y,2021-01-30 17:17:04 UTC
iFnOLFd_ByQ,2021-01-30 17:13:57 UTC
TWfl990NHoM,2021-01-29 21:38:07 UTC
jbvYDqy2oO0,2021-01-29 17:00:42 UTC
pq3x1Jy8pYM,2021-01-29 15:11:16 UTC
vBHild0PiTE,2021-01-29 13:26:04 UTC
BBX5qh09OIE,2021-01-28 21:32:54 UTC
mH1AB1pOI28,2021-01-28 20:44:11 UTC
pFS4zYWxzNA,2021-01-28 15:40:22 UTC
FDtRTrhBc0g,2021-01-28 15:32:20 UTC
ttGgxdp88r4,2021-01-28 15:28:41 UTC
A3AEW0m7URM,2021-01-27 21:46:42 UTC
fV1w11DH56Q,2021-01-27 18:19:52 UTC
QO8detn9ZGs,2021-01-27 17:44:52 UTC
uO_uI7LFv3s,2021-01-27 01:30:57 UTC
rAQFqm0M874,2021-01-27 01:28:23 UTC
76-Os6wMHBQ,2021-01-26 19:18:53 UTC
IKqXu-5jw60,2021-01-26 16:52:09 UTC
NGPvz9FCK2g,2021-01-25 21:58:00 UTC
kxW_uN9Mu1c,2021-01-25 20:00:57 UTC
TIu5sWnxrEk,2021-01-25 14:53:45 UTC
mtk3OLMrh30,2021-01-25 12:28:12 UTC
ipAnwilMncI,2021-01-20 20:53:07 UTC
KrQV8nTCwqg,2021-01-19 18:11:24 UTC
ohldMe3UnKE,2021-01-18 00:22:55 UTC
ojiVBD9fH2Q,2021-01-17 21:12:31 UTC
K8pYFDX53DY,2021-01-17 21:08:03 UTC
nl7UcWscK5U,2021-01-17 18:37:48 UTC
tO1aR8mSgf4,2021-01-17 14:33:40 UTC
WJqE2onQUSk,2021-01-17 00:04:36 UTC
HOTgKA1CV74,2021-01-17 00:03:57 UTC
aIyaIGeLm60,2021-01-17 00:02:50 UTC
DrYRpPxBEaU,2021-01-16 21:38:58 UTC
JQZsBFW2Thc,2021-01-16 21:30:59 UTC
CHvMsaP-w0w,2021-01-16 20:47:47 UTC
bsAB1ojKO9w,2021-01-16 19:08:30 UTC
MFL9TW9IMCI,2021-01-16 12:24:43 UTC
xjEk2d5Yhxo,2021-01-16 12:20:43 UTC
0yrznjUK3mA,2021-01-15 22:04:43 UTC
vudnQVV-GwE,2021-01-15 22:03:55 UTC
9ADUnTcKAMA,2021-01-15 22:01:51 UTC
fHxO0UdpoxM,2021-01-15 20:55:38 UTC
dFOIrJr5Ees,2021-01-15 19:44:41 UTC
4Zuiv1Q-bvE,2021-01-15 14:53:05 UTC
wPCi5vmrvV4,2021-01-15 09:59:42 UTC
d39Zl33qwDY,2021-01-14 23:17:42 UTC
ud0KLMN0lbU,2021-01-14 23:13:36 UTC
QUFc2VJT8Bw,2021-01-14 21:58:00 UTC
MPCrkPcGWa4,2021-01-14 21:55:02 UTC
3bmIbxpQoY4,2021-01-14 21:51:22 UTC
NO48sclm_O8,2021-01-14 21:48:06 UTC
bteDEcMxOJY,2021-01-13 10:09:00 UTC
hRXZ_nyOskU,2021-01-12 18:45:59 UTC
ifUzlmIxjKo,2021-01-12 16:09:21 UTC
SfVe030cYsE,2021-01-09 21:49:38 UTC
_LI-psQVUmc,2021-01-09 21:48:33 UTC
7KEnA5szh6E,2021-01-09 21:21:35 UTC
WNGjtw5L_Jw,2021-01-09 21:01:40 UTC
krucJIWOUFI,2021-01-09 20:55:57 UTC
cvxChbkMFSY,2021-01-06 23:21:15 UTC
PB09ShLXXq0,2021-01-06 19:22:48 UTC
6pNhrlPU-fA,2021-01-06 18:13:13 UTC
l_Pf7z9Zr70,2021-01-06 18:01:46 UTC
XMBXVLT50vw,2021-01-06 09:14:29 UTC
IY731u08Q1g,2021-01-06 09:07:41 UTC
w4xm9NHNUf8,2021-01-06 01:41:55 UTC
lzDrTSeljhQ,2021-01-06 00:59:59 UTC
6ZBZGz51cRc,2021-01-06 00:44:00 UTC
k3Fa4lOQfbA,2021-01-06 00:09:19 UTC
YuW1q_2yZWY,2021-01-05 13:36:24 UTC
l3oV2HKGg_A,2021-01-04 22:17:34 UTC
pnyrC6sO07g,2021-01-04 00:04:49 UTC
hS8f_-7yw1c,2021-01-03 22:45:49 UTC
whVK_Twew5A,2021-01-01 21:14:07 UTC
dsr_WjkAJB4,2020-12-31 18:06:07 UTC
F5YXMxBIEFM,2020-12-31 17:43:06 UTC
_bTl3-hvJRI,2020-12-31 17:28:43 UTC
Ss-KKSxsoBE,2020-12-31 16:23:29 UTC
Jy9orpVO-Rk,2020-12-31 15:23:25 UTC
sNffv0KNL4U,2020-12-31 14:45:28 UTC
wvqyIr-4jBk,2020-12-31 14:23:58 UTC
ClVMiMwSjBA,2020-12-30 20:04:04 UTC
Fz22-yiw9l8,2020-12-30 12:37:10 UTC
jcm3rXTFELY,2020-12-30 11:22:10 UTC
B6EQxQXMKfA,2020-12-29 21:03:37 UTC
zx6dnwGbVIU,2020-12-29 20:46:43 UTC
HL33g_5nM9g,2020-12-29 20:45:07 UTC
JwJ-wYg76b8,2020-12-29 20:42:57 UTC
JimKq3aYJFk,2020-12-29 20:42:00 UTC
QCjeJj2GUJE,2020-12-29 00:01:23 UTC
q98Mk1tIgJI,2020-12-28 23:55:40 UTC
Sx_HAig3oTE,2020-12-28 22:42:30 UTC
6-TaWNNvypk,2020-12-28 14:12:43 UTC
RR7iv3izZPo,2020-12-27 21:49:34 UTC
ylwsop5Pdgc,2020-12-27 21:47:36 UTC
2TKArHcb6hQ,2020-12-27 17:47:55 UTC
NSSKaeKD498,2020-12-27 17:17:37 UTC
ec6bGd3CRPg,2020-12-27 12:45:04 UTC
s-OoG1aGYO0,2020-12-26 22:57:20 UTC
oERJYbRU9Ts,2020-12-26 21:41:39 UTC
s-6to-XBDWU,2020-12-26 21:34:09 UTC
B5GFA5iP1ek,2020-12-26 17:11:52 UTC
oEcij0ARkmU,2020-12-25 22:18:39 UTC
fDxS_1H48b0,2020-12-25 22:14:20 UTC
m2ATTGo3aZo,2020-12-25 21:58:56 UTC
giltLAkvv9w,2020-12-25 20:58:37 UTC
4PlnK6N7De0,2020-12-25 08:55:04 UTC
0BTg_HDkJ9g,2020-12-24 19:23:54 UTC
IA5DhVqAYfY,2020-12-23 20:46:26 UTC
8TjjU5IAxrI,2020-12-23 17:21:22 UTC
z-fD3PIRSO8,2020-12-22 17:46:49 UTC
Igx2X1Xrd4s,2020-12-22 11:22:28 UTC
sAkFKId7X-4,2020-12-21 22:52:55 UTC
5HJr3Sxtsvg,2020-12-20 23:37:38 UTC
353lHGbvu8o,2020-12-20 23:31:40 UTC
v1CiINFsBkY,2020-12-20 23:25:52 UTC
CoQ0ltZPsGg,2020-12-20 16:26:02 UTC
 -__pf-a_usc,2020-12-19 18:37:15 UTC
TSydmQoW_9g,2020-12-19 18:27:05 UTC
3Ve0TspDLd8,2020-12-19 18:15:14 UTC
h_PU11nhVEk,2020-12-19 11:07:17 UTC
idqmyLEOh5k,2020-12-18 22:11:41 UTC
LZa5KKfqHtA,2020-12-18 17:31:23 UTC
XnxSLwLFfNY,2020-12-18 17:17:11 UTC
tbzqYmTaWak,2020-12-18 12:12:25 UTC
PmU9vtEXBF4,2020-12-18 00:07:26 UTC
GaHOkY_BoiM,2020-12-18 00:01:45 UTC
PAFThVWtKiE,2020-12-17 23:52:46 UTC
2RXMIyMdhaY,2020-12-17 23:48:49 UTC
OsVOgiXah0U,2020-12-17 23:38:14 UTC
8VBhNF2T4O0,2020-12-17 20:15:01 UTC
zDrrWuo8LHE,2020-12-17 19:59:46 UTC
YK6yn519maA,2020-12-17 19:54:48 UTC
7xtdzqpcFoQ,2020-12-17 14:28:40 UTC
vYasJaguR8E,2020-12-16 23:23:15 UTC
smhi6jts97I,2020-12-16 19:19:39 UTC
Hx892ZvdTn0,2020-12-16 15:24:47 UTC
3-4fyh4j92I,2020-12-16 10:23:20 UTC
banNYKCn-88,2020-12-16 00:26:04 UTC
W85F-UmnbF4,2020-12-15 18:57:02 UTC
ooOELrGMn14,2020-12-15 18:54:16 UTC
eIWFnNz8mF4,2020-12-15 17:46:45 UTC
6Fo9-tX6J50,2020-12-15 16:24:24 UTC
Bs7lVqYBqys,2020-12-14 22:56:17 UTC
65JrtwtTOdc,2020-12-14 22:52:00 UTC
tkcDPLPPFuE,2020-12-14 22:27:16 UTC
y4GB_NDU43Q,2020-12-14 13:06:13 UTC
NK85luCvebc,2020-12-13 21:40:37 UTC
KamnZXMrdQ0,2020-12-13 20:17:28 UTC
NHwSGNZ--Pg,2020-12-12 08:15:23 UTC
0_pewULYXqU,2020-12-11 21:06:51 UTC
mYHtojsaRkY,2020-12-11 16:03:49 UTC
xuCn8ux2gbs,2020-12-11 16:00:22 UTC
yx7lmuwUNv8,2020-12-11 14:32:30 UTC
rmS-oWcBZaI,2020-12-11 14:12:27 UTC
GYFWsBshnNQ,2020-12-11 09:43:42 UTC
m4PqgvotPLs,2020-12-10 23:45:54 UTC
cX6Hz5I_QLI,2020-12-10 13:23:29 UTC
Z_YbCCUSYhM,2020-12-09 22:35:18 UTC
KU8ZGjH67QA,2020-12-08 23:14:54 UTC
 -flCVYRmWz0,2020-12-08 23:11:13 UTC
n88MReEC27k,2020-12-08 22:47:59 UTC
7YGFfVuUS_c,2020-12-08 22:23:54 UTC
MPiznBTVUfs,2020-12-08 00:56:41 UTC
ZtvxPQbkgQY,2020-12-07 23:53:34 UTC
wixCNieZvmE,2020-12-07 15:53:55 UTC
CezPANQN5ck,2020-12-07 10:58:33 UTC
F_eP-YLf-EU,2020-12-07 09:57:46 UTC
YK54e7USEf0,2020-12-06 14:10:10 UTC
25yZODyXZig,2020-12-06 11:15:17 UTC
oW7b8ZM1fzI,2020-12-06 10:49:48 UTC
ZEFsNlIBCRU,2020-12-06 10:37:28 UTC
A8y4jccJMM8,2020-12-06 10:07:19 UTC
tKCvBkxi_cE,2020-12-05 00:52:27 UTC
SwAzuYxuwkk,2020-12-04 22:31:33 UTC
zFeFB-GuJkE,2020-12-04 19:51:56 UTC
HjlXut2DPDY,2020-12-04 18:19:49 UTC
kiKh-neczTE,2020-12-04 18:07:55 UTC
emDveFfLie8,2020-12-04 17:37:46 UTC
JUXITHnENWg,2020-12-04 16:22:29 UTC
y-s-jNy3w8s,2020-12-04 16:16:11 UTC
NH7n1PZ-7YU,2020-12-04 10:46:20 UTC
uDQo6gmp5r4,2020-12-03 21:48:20 UTC
Ttzh6tsT_kU,2020-12-03 13:53:30 UTC
0iF09cy7OqI,2020-12-02 16:24:27 UTC
WA4CUpg_hFs,2020-12-02 08:33:11 UTC
82zWSMMF8WE,2020-12-02 08:11:23 UTC
hKcCP85UTog,2020-12-02 05:51:37 UTC
ovLXszZ-oYo,2020-12-01 12:41:47 UTC
dOR1AFUbvFw,2020-12-01 08:43:37 UTC
rUM5sNmIUA0,2020-12-01 08:23:52 UTC
7DhwLJ2dn0A,2020-12-01 08:09:39 UTC
EAs7CsIwOQc,2020-11-29 16:47:37 UTC
zJk-eEGhYP4,2020-11-29 10:55:17 UTC
qh_feqFqvlI,2020-11-29 10:44:30 UTC
g374xCZLN6U,2020-11-28 21:37:58 UTC
QCXhoI1WF30,2020-11-28 14:26:30 UTC
N2GMC6zrQPY,2020-11-28 09:15:37 UTC
9v4jFb8SVeM,2020-11-27 22:16:27 UTC
EuYz0ebkNrQ,2020-11-27 21:56:52 UTC
V1c3Pr64Ww8,2020-11-26 20:46:05 UTC
qM5RuzYIQTA,2020-11-25 12:07:39 UTC
ymPVcXLdS7M,2020-11-25 09:52:30 UTC
0zxxM9EYQzY,2020-11-24 12:59:19 UTC
9Onnyfu6yvo,2020-11-23 17:08:04 UTC
JeQ4avhuIyQ,2020-11-23 16:29:58 UTC
qWXKHGolqrU,2020-11-23 16:28:15 UTC
tgDGDTbPYBg,2020-11-23 13:32:35 UTC
KBCcWikdHYA,2020-11-23 12:35:22 UTC
DaNb8AE1woM,2020-11-23 00:58:15 UTC
oJrrfcRdXCg,2020-11-22 23:22:46 UTC
llBVOmAF6MM,2020-11-22 22:57:39 UTC
OsqoCtZv3bM,2020-11-22 22:35:43 UTC
_2NI6t2r_Hs,2020-11-22 16:43:55 UTC
br2l3zxK7uo,2020-11-22 10:57:25 UTC
g5K-khEpQCw,2020-11-21 21:59:13 UTC
6mkb1hd1wLY,2020-11-21 21:18:05 UTC
PAAkCSZUG1c,2020-11-21 17:11:12 UTC
rFejpH_tAHM,2020-11-21 16:41:56 UTC
rbFFJ0Lpsjo,2020-11-20 22:20:06 UTC
2isdZ_q6Vvk,2020-11-20 21:51:33 UTC
kOBuPx2S-eU,2020-11-20 21:47:16 UTC
rWBSMsLG8po,2020-11-20 00:08:10 UTC
4yFb-b5GYWc,2020-11-20 00:04:48 UTC
xULyaIRx8GY,2020-11-19 14:18:51 UTC
hT04uGBX-Ks,2020-11-17 00:03:10 UTC
XbKSssBftLM,2020-11-15 23:20:57 UTC
DOS2lL2HXs4,2020-11-15 23:08:05 UTC
Tn8IDh21AVY,2020-11-14 22:49:48 UTC
pntm3gvJ_60,2020-11-14 22:29:47 UTC
yVTDmE4aU1E,2020-11-14 08:53:59 UTC
K_FrQnQv0Vw,2020-11-14 08:17:41 UTC
SOaCuT9msOM,2020-11-13 11:00:40 UTC
pq252xS5veM,2020-11-13 09:36:17 UTC
uiPeeEE_ims,2020-11-13 09:30:32 UTC
R4RKGels8Wo,2020-11-13 09:29:34 UTC
mmvgU4p4uTI,2020-11-13 09:28:49 UTC
U6SfRPwTKqo,2020-11-12 22:41:10 UTC
3yU8wRVRe7U,2020-11-12 22:30:16 UTC
PlAU_da_U4s,2020-11-12 21:46:53 UTC
sqWKcutYWyU,2020-11-12 16:10:33 UTC
JL-WEs0Xe5U,2020-11-11 22:31:43 UTC
nuV6sU5T5Xk,2020-11-11 22:04:35 UTC
9i14SPqpqeI,2020-11-11 18:48:11 UTC
nQpYHiB0k6k,2020-11-11 08:38:32 UTC
B4XElh8JwXQ,2020-11-10 14:24:49 UTC
vF2fEk62ur4,2020-11-10 10:45:41 UTC
yP1No0t0-Ls,2020-11-10 08:50:57 UTC
5wHBNS25AFA,2020-11-09 09:40:53 UTC
CIn0bxgDnJA,2020-11-08 22:14:48 UTC
BMT_x1bnTEA,2020-11-08 21:44:13 UTC
Kpmhnkrl_BY,2020-11-08 21:40:32 UTC
oGxQNQtnr6Q,2020-11-05 22:02:27 UTC
mukiMaOSLEs,2020-11-05 22:01:23 UTC
jaPERjk52XU,2020-11-05 21:48:44 UTC
xMDwqeFQuKg,2020-11-05 20:00:50 UTC
lTfkbM9f7Ew,2020-11-04 21:40:44 UTC
Ej1nxBxFSKc,2020-11-04 21:33:46 UTC
O201tj2zgrU,2020-11-04 21:09:21 UTC
Lm-_A9LVYi8,2020-11-04 18:36:45 UTC
6B81UTKf_wk,2020-11-04 15:46:18 UTC
kvNstmC-Mbw,2020-11-04 09:49:23 UTC
3nMBNAlHQMo,2020-11-03 19:33:07 UTC
HhOQlLEesGQ,2020-11-03 19:25:01 UTC
rvEZWNkQKZI,2020-11-02 20:39:49 UTC
V_i8mpZ1rmE,2020-11-01 21:37:31 UTC
VUfzojTkj6g,2020-11-01 21:22:00 UTC
A0_Abt4dzAA,2020-11-01 21:17:46 UTC
xyNYkd2kLHs,2020-11-01 17:04:37 UTC
7mceb_t8EIs,2020-10-31 20:27:22 UTC
g_jSXU7qq_0,2020-10-30 18:24:59 UTC
U6UA9OK5quw,2020-10-30 18:06:09 UTC
vUO7f3YBMWY,2020-10-29 19:41:08 UTC
ypfbZq5PdiA,2020-10-29 19:09:42 UTC
TYvWO7Eyfgk,2020-10-28 21:00:21 UTC
yn3XdmOYMtg,2020-10-27 09:00:30 UTC
ETt8rAatMqY,2020-10-24 21:38:20 UTC
Ac7nHL8Ha_Q,2020-10-24 21:36:49 UTC
OxmBijBT8Kk,2020-10-24 08:58:44 UTC
Wv5wIY2Q32g,2020-10-23 22:02:06 UTC
xYMvz4uVLlc,2020-10-23 09:05:47 UTC
NR8BCSzL-tY,2020-10-22 22:46:50 UTC
k0H4GwnT5kE,2020-10-22 22:35:28 UTC
f_vEPRZu6eE,2020-10-22 22:29:05 UTC
XDllsSrRUzs,2020-10-22 20:05:27 UTC
InxWpUTEitA,2020-10-22 19:56:25 UTC
Yrm2dj6bIU0,2020-10-22 16:17:14 UTC
WNCvyQJfhds,2020-10-21 22:23:09 UTC
GE3NZUtrT8M,2020-10-21 22:12:43 UTC
T_ASKLftsLs,2020-10-21 19:14:44 UTC
aHun58mz3vI,2020-10-21 19:11:42 UTC
RiN19zGLzy4,2020-10-21 13:07:28 UTC
XGR4tC75Qs8,2020-10-20 22:20:06 UTC
Fl9l71ci8Nk,2020-10-20 19:11:22 UTC
zxQ5Kap3yMA,2020-10-20 08:40:09 UTC
V-ultY83zT4,2020-10-20 08:23:51 UTC
mMoM9umU94s,2020-10-19 19:29:32 UTC
o50ocJdaoHw,2020-10-19 19:21:59 UTC
nsGySUwHCMI,2020-10-19 19:18:57 UTC
OkMbuqsQldA,2020-10-19 19:17:06 UTC
h9BU8xZCcZU,2020-10-19 18:18:22 UTC
k8XrSeLBbGg,2020-10-19 18:17:48 UTC
AzwakK3m2Qo,2020-10-19 17:55:48 UTC
7Y-sRF2fvBs,2020-10-19 07:00:46 UTC
9H7GyFua7Os,2020-10-18 23:01:03 UTC
2a007a0uY2o,2020-10-17 19:48:15 UTC
PSQTXze_vSg,2020-10-15 11:39:39 UTC
xHrb14_HJF0,2020-10-15 08:01:27 UTC
OvUzJgjAFWw,2020-10-14 22:45:42 UTC
vps43rXgaZc,2020-10-14 12:08:45 UTC
ZKEK5mVTOEo,2020-10-13 23:42:35 UTC
t9nocjg2OLI,2020-10-13 09:55:02 UTC
aM_HhU_CV44,2020-10-13 09:53:10 UTC
Oy27-OETMmw,2020-10-13 09:37:59 UTC
6jJ5SOtuMsw,2020-10-12 16:08:27 UTC
7WCfTREZSdQ,2020-10-12 16:05:46 UTC
w_bD0ftMlGE,2020-10-11 21:31:48 UTC
1rZ-JorHJEY,2020-10-11 14:06:37 UTC
sXyA0QZpwmA,2020-10-11 09:23:36 UTC
g-uF6uHgMYw,2020-10-09 23:02:25 UTC
vpaAVA9GpLA,2020-10-08 22:02:40 UTC
wgOWQVVk1_M,2020-10-08 08:42:55 UTC
LbdbQNYm8y0,2020-10-06 22:24:11 UTC
0yRq_pnK4Ag,2020-10-06 18:56:17 UTC
wnz2sRsOu6E,2020-10-06 18:52:41 UTC
nLyppihvhpQ,2020-10-04 15:27:47 UTC
XsMRxNSDccc,2020-10-04 11:24:15 UTC
KX8UBwInRzE,2020-10-04 08:05:20 UTC
fBHQENGs0IY,2020-10-03 06:49:59 UTC
uyf7tiSO9vo,2020-10-02 22:40:52 UTC
pZZvxjF4Elo,2020-10-02 08:40:40 UTC
xIZBjHKYM94,2020-10-01 09:26:17 UTC
SFi_hHniXEk,2020-10-01 08:22:14 UTC
a-1YI-neupU,2020-09-30 20:33:11 UTC
9eWewdTkghM,2020-09-30 20:18:10 UTC
C2sooHKIUCU,2020-09-30 16:40:15 UTC
uAlax9Gr1G8,2020-09-30 12:41:23 UTC
xWB9dP1AtDU,2020-09-30 09:26:40 UTC
Ev0PL892zSE,2020-09-30 09:15:24 UTC
4gZiFjijAsI,2020-09-29 08:03:06 UTC
ABQjT6gDKu0,2020-09-27 22:47:09 UTC
1Qv1magyyZU,2020-09-27 20:31:38 UTC
cr8Z4Sj-h60,2020-09-27 17:10:46 UTC
blIVImD2_ao,2020-09-26 13:55:48 UTC
aMEAHhWu6Qw,2020-09-26 10:19:33 UTC
mzTYtPXwN-c,2020-09-26 09:15:55 UTC
BlBXFAwen64,2020-09-26 09:15:21 UTC
9F8WhZV2hsc,2020-09-25 23:12:01 UTC
aBkTkxKDduc,2020-09-25 17:23:11 UTC
X9E5dm7UQTE,2020-09-25 11:15:02 UTC
RpuMxPBnysM,2020-09-25 00:38:39 UTC
ePfAUuEVGv0,2020-09-25 00:38:16 UTC
l4EmC44kyB4,2020-09-25 00:11:21 UTC
P9-SUS1j1vE,2020-09-25 00:10:52 UTC
rG_DvlFJ-YQ,2020-09-24 23:59:56 UTC
vLBmvGihjVc,2020-09-24 23:57:45 UTC
YLGaS7QbJfU,2020-09-24 23:48:43 UTC
VNbUeLnxQEI,2020-09-24 09:55:37 UTC
ElvLZMsYXlo,2020-09-23 20:26:55 UTC
Bf9AgX4Ixs4,2020-09-23 19:48:53 UTC
uFP-fU0FsF0,2020-09-22 15:47:11 UTC
PDjNbcgRCYA,2020-09-21 21:18:39 UTC
R-Nfp6lRrhM,2020-09-21 19:48:07 UTC
ygbkmh8brvo,2020-09-21 14:48:52 UTC
snlQ8E8VFj0,2020-09-21 11:22:41 UTC
HJ4eA0-2krw,2020-09-21 09:05:25 UTC
VLxvc_ifnB0,2020-09-21 08:07:49 UTC
A6x6rhFUgE0,2020-09-20 15:24:55 UTC
HP7ZWsOusRs,2020-09-20 14:47:37 UTC
66PjWzFCu4E,2020-09-20 11:19:58 UTC
s75PC9Mxxb8,2020-09-19 22:49:18 UTC
6TM45vNI4Qc,2020-09-19 20:55:22 UTC
fjH9_6Ibai4,2020-09-19 20:44:30 UTC
_drmu_2Ump4,2020-09-19 20:30:18 UTC
xb_rgQ4IDS8,2020-09-19 20:19:48 UTC
jTXN9iTKHc8,2020-09-19 19:19:13 UTC
uV-qa9M-o4E,2020-09-19 19:19:10 UTC
le71yVPh4uk,2020-09-19 18:44:08 UTC
veHqJSC-9Lo,2020-09-18 21:49:07 UTC
5rV9RDS1AzM,2020-09-18 21:37:46 UTC
CzShsG8JLBY,2020-09-18 21:26:18 UTC
YLUE-m2B5xA,2020-09-17 22:53:53 UTC
fBfK5CkORFQ,2020-09-17 18:45:22 UTC
quwq1Wfczy0,2020-09-17 18:37:56 UTC
X4Ia_Wnknas,2020-09-17 13:29:41 UTC
M3ujv8xdK2w,2020-09-17 10:24:35 UTC
Hs1VaQRMfNo,2020-09-17 10:04:48 UTC
sRMMwpDTs5k,2020-09-17 08:11:06 UTC
WmXuQxECqrs,2020-09-16 23:08:28 UTC
TAcnwuNJbCQ,2020-09-16 22:13:17 UTC
XohPdHAW89k,2020-09-16 22:12:20 UTC
79IghS6mlac,2020-09-15 21:28:20 UTC
_cAO2iG5PzU,2020-09-14 18:19:31 UTC
wbaSQsEMdTA,2020-09-14 14:46:59 UTC
nkloibvutAM,2020-09-13 16:58:50 UTC
81-_0Jimo6I,2020-09-13 09:03:30 UTC
81WNwORAbbs,2020-09-13 00:14:31 UTC
q5TxEix6mdU,2020-09-12 23:33:58 UTC
dbu9dwv8Euk,2020-09-12 21:10:13 UTC
084ndDTxTps,2020-09-12 20:51:05 UTC
9525aezikFM,2020-09-12 20:40:20 UTC
ZBhPcesXQP4,2020-09-12 15:20:23 UTC
XoqCxq8m0Rs,2020-09-12 15:16:34 UTC
CdTIQ6BVlvw,2020-09-12 15:08:13 UTC
a_d2njUvrRE,2020-09-11 20:50:21 UTC
rUL04sHIVhI,2020-09-11 17:07:52 UTC
q78mVOVL6i8,2020-09-11 09:26:01 UTC
cXBCN7sZSZo,2020-09-10 11:04:40 UTC
H5YpAD7BM3U,2020-09-09 23:14:30 UTC
SwX4b8ohI5o,2020-09-09 12:50:05 UTC
19Q60VzR84o,2020-09-08 09:46:54 UTC
jB0vBmiTr6o,2020-09-08 01:41:07 UTC
JZ6ZzJeWgpY,2020-09-08 01:40:17 UTC
9Fq13j4ygyw,2020-09-08 01:35:18 UTC
uD4izuDMUQA,2020-09-07 22:55:08 UTC
faV_bDshiP4,2020-09-07 22:33:28 UTC
MZuCYRORJiQ,2020-09-07 22:32:31 UTC
y6120QOlsfU,2020-09-07 00:42:59 UTC
dkjBUIavAS0,2020-09-06 10:02:15 UTC
2MISe09ArHw,2020-09-04 11:09:28 UTC
y7rMbcKBW-E,2020-09-03 13:12:09 UTC
Y9GLCXFd62o,2020-09-03 10:11:11 UTC
t0_yD0PnqJo,2020-09-03 10:07:42 UTC
zH4bUXojBUs,2020-09-03 09:39:26 UTC
vi6ndfTUw4M,2020-09-01 18:19:15 UTC
KX4ErpehAxg,2020-09-01 04:47:46 UTC
8r31DFrFs5A,2020-08-31 22:36:34 UTC
wEj7xYyj9n4,2020-08-31 21:35:43 UTC
hbe3CQamF8k,2020-08-31 21:27:12 UTC
0Ocxig6MGnA,2020-08-31 13:35:59 UTC
FwhP_B_EpM4,2020-08-31 12:42:17 UTC
RfCZm_rdfZM,2020-08-31 09:38:42 UTC
 -vN0dFno2CI,2020-08-31 07:06:37 UTC
qRrwjH26zHg,2020-08-31 07:04:44 UTC
k9oZpW9Gs0I,2020-08-31 07:03:16 UTC
CJFjm2GooSs,2020-08-31 06:58:09 UTC
yVIRcnlRKF8,2020-08-31 06:54:27 UTC
94TAFSMdkvk,2020-08-30 21:33:20 UTC
bwovoqb6TuQ,2020-08-30 20:02:51 UTC
pzuyOGrMZBM,2020-08-30 09:37:57 UTC
8ftDjebw8aA,2020-08-29 16:02:39 UTC
5gYoUm3wLHI,2020-08-27 16:31:04 UTC
ijLDJGfO5K8,2020-08-26 08:45:09 UTC
ctAVtexE_8s,2020-08-23 10:41:42 UTC
buWzWtXHimk,2020-08-23 08:43:41 UTC
cwdbLu_x0gY,2020-08-21 19:59:04 UTC
TdrL3QxjyVw,2020-08-21 07:52:38 UTC
eLAHSRmFFzE,2020-08-21 07:30:15 UTC
 -GY9DWIfpwc,2020-08-20 21:08:56 UTC
uRyRymflxtU,2020-08-20 20:59:23 UTC
wXUloVYbchg,2020-08-20 20:56:54 UTC
mCHUw7ACS8o,2020-08-20 20:55:02 UTC
UJWk_KNbDHo,2020-08-20 20:54:59 UTC
E_jWcIDqXq0,2020-08-20 14:36:09 UTC
32kYH6XZrIo,2020-08-20 14:35:14 UTC
sYOlBsls-C0,2020-08-20 14:33:01 UTC
HbpOAvfllJc,2020-08-20 14:31:52 UTC
v4pi1LxuDHc,2020-08-19 22:19:00 UTC
bU5F-DvGLkA,2020-08-19 22:14:34 UTC
X-AjhXhk19U,2020-08-19 22:05:57 UTC
VAI5GSyXMjA,2020-08-19 22:00:39 UTC
lVyoK6WgRNU,2020-08-19 22:00:28 UTC
5-cGdco7VFg,2020-08-19 21:57:55 UTC
P7fadWbsSb4,2020-08-19 13:46:02 UTC
eEQIukFNoUw,2020-08-19 13:45:41 UTC
jAwCP8pDYdY,2020-08-17 13:36:08 UTC
uPohUx5uMIQ,2020-08-15 23:52:22 UTC
pmQNvBpJb5E,2020-08-15 07:08:32 UTC
RZYqk6me9DE,2020-08-14 19:33:16 UTC
q6AqWDbqp44,2020-08-14 08:16:48 UTC
Vht9iCw8ApE,2020-08-11 14:15:53 UTC
hXNKVDW-hSc,2020-08-08 17:15:15 UTC
jIrWPebRylk,2020-08-08 08:08:49 UTC
Orpom49gT14,2020-08-07 20:24:26 UTC
X2MQWgNYqgM,2020-08-07 10:03:55 UTC
noCcRONtRJ0,2020-08-04 13:39:11 UTC
iHSLCsmEUBA,2020-08-03 08:28:02 UTC
jMnKK6GwhqM,2020-08-03 08:21:34 UTC
7i_wJjuRBcg,2020-08-01 17:14:33 UTC
3bAt0ZOAIS0,2020-07-31 16:17:22 UTC
7aXPpTbatIM,2020-07-30 21:54:54 UTC
ycCgDW1Pq_8,2020-07-30 14:54:32 UTC
OT0z-6Gj-R8,2020-07-30 12:43:53 UTC
gPplPAB0-wA,2020-07-30 07:01:35 UTC
4RmPD-v7wXg,2020-07-29 10:58:09 UTC
6tw9eJyAb-w,2020-07-29 08:57:25 UTC
jRM_dPM2t4Q,2020-07-28 00:14:10 UTC
o5VYjXVQ6nI,2020-07-27 18:49:39 UTC
YltbWY-gs_U,2020-07-27 10:04:30 UTC
ya97r6WXVbY,2020-07-26 18:35:50 UTC
gJpa9HU32AQ,2020-07-25 11:02:48 UTC
mO4rYNvr7FE,2020-07-24 20:39:57 UTC
1bF-jXt937Q,2020-07-23 18:21:55 UTC
R96rw9vEtiQ,2020-07-23 09:16:43 UTC
2LbvDqiuNDA,2020-07-23 08:58:29 UTC
PC_SocpPjQU,2020-07-22 15:14:45 UTC
qm0IfG1GyZU,2020-07-22 09:15:22 UTC
b_LyuTI-05w,2020-07-22 08:54:15 UTC
Ks9JSHavyDM,2020-07-21 16:03:53 UTC
Z9NQatne0xg,2020-07-21 08:07:53 UTC
w5XGfKOEFJk,2020-07-20 19:02:12 UTC
4Ov3am-6chg,2020-07-20 09:26:03 UTC
Gzj723LkRJY,2020-07-19 22:10:34 UTC
9aQqY7omVsM,2020-07-19 22:05:43 UTC
9vmT5TgZOxo,2020-07-19 21:46:49 UTC
PWt27h_scaY,2020-07-19 00:01:53 UTC
kxwiYcfdnPI,2020-07-18 12:13:16 UTC
U70dj1BLTes,2020-07-17 23:59:21 UTC
edqsOK2kQTo,2020-07-17 08:51:01 UTC
f88UJyCA__M,2020-07-16 20:07:23 UTC
9p6PYYgqE1A,2020-07-16 14:49:52 UTC
IcUyMH5UrRU,2020-07-16 11:00:09 UTC
YNO_cRRoOT8,2020-07-16 10:30:25 UTC
Bj7q5VAf8-w,2020-07-15 22:00:11 UTC
3cmi4aJLOPA,2020-07-14 00:07:11 UTC
IgqoJ_9HnKs,2020-07-13 19:27:01 UTC
qyVxlI7z9hM,2020-07-12 12:31:27 UTC
vz2NHvGiffY,2020-07-12 10:13:28 UTC
IDTSOs5DC0c,2020-07-12 08:27:23 UTC
eMISYyzb4Z0,2020-07-11 08:14:28 UTC
R9fEhEWYeLU,2020-07-10 21:36:12 UTC
ZR9WVLAeQ-Y,2020-07-10 20:38:24 UTC
vuq2zboZa2U,2020-07-07 11:10:18 UTC
GWVjC8EMEOQ,2020-07-04 23:08:56 UTC
W0-kZIWBUPI,2020-07-04 18:09:59 UTC
OZuhsWV4irk,2020-07-04 16:41:03 UTC
AlQthjNnuSI,2020-07-04 12:06:40 UTC
LvGXer4NsEw,2020-07-03 20:25:23 UTC
vPW6t-r0xzM,2020-07-01 13:57:46 UTC
U5tVMtUoqQ8,2020-07-01 11:37:44 UTC
PkkIixS0iwg,2020-07-01 09:40:19 UTC
pDfxmDgH5Ew,2020-07-01 09:38:04 UTC
1tHba_OtfbI,2020-06-29 20:12:25 UTC
yMWITQ8Viqs,2020-06-29 19:36:51 UTC
8gbf4STEEBI,2020-06-28 20:01:01 UTC
z7pM9WNu7vw,2020-06-28 19:26:51 UTC
mXcFVlxe-jg,2020-06-27 22:43:11 UTC
ez8pcLjOCGE,2020-06-27 19:19:37 UTC
HbcH5jThDGI,2020-06-27 09:57:43 UTC
luwu6ygI5YI,2020-06-27 06:44:14 UTC
kH0XBJGejTs,2020-06-25 10:05:10 UTC
8jnFgqS5ZgM,2020-06-24 11:26:12 UTC
wzegGiB2tgI,2020-06-23 20:57:15 UTC
fEvIdp5Z9BU,2020-06-23 14:08:39 UTC
RaexwE0y35c,2020-06-22 00:30:16 UTC
DUqtt3r50FM,2020-06-21 13:05:56 UTC
jSy1Bnf3WIk,2020-06-20 15:29:50 UTC
OwSCxwKTbYA,2020-06-19 20:48:41 UTC
RZRNd6osQrk,2020-06-17 17:06:28 UTC
7eXuoJD0cTc,2020-06-17 17:01:32 UTC
ZkNMZlkrzaU,2020-06-16 22:39:43 UTC
VvGKwL3mnJs,2020-06-15 17:22:41 UTC
BNgsz3jKVnU,2020-06-12 15:26:06 UTC
M2LA6w2Niwk,2020-06-09 02:05:10 UTC
RHf3gUYU9cA,2020-06-05 11:35:39 UTC
dP1xVpMPn8M,2020-06-04 21:41:44 UTC
1UzTf0Qo37A,2020-05-17 20:18:14 UTC
NEYN0tOBfVw,2020-05-14 15:24:32 UTC
pcr8kBeA_kE,2020-05-14 10:39:40 UTC
tc4ROCJYbm0,2020-05-13 14:08:22 UTC
luIodR31LeI,2020-05-13 14:01:29 UTC
n9KjA471Y3k,2020-05-03 17:12:31 UTC
77vDRCU4hdI,2020-05-01 21:33:04 UTC
mQ-SZRQaRqg,2020-04-12 16:57:26 UTC
CIq13K26hSo,2020-04-12 16:56:29 UTC

